Date,Direction
2020-04-30,Incoming
2020-04-30,Outgoing
2020-04-30,Outgoing
2020-04-30,Incoming
2020-04-30,Outgoing
2020-04-30,Incoming
2020-04-30,Outgoing
2020-04-30,Outgoing
2020-04-30,Incoming
2020-04-30,Outgoing
2020-04-30,Incoming
2020-04-30,Incoming
2020-04-30,Outgoing
2020-04-30,Incoming
2020-04-30,Outgoing
2020-04-30,Incoming
2020-04-30,Outgoing
2020-04-30,Incoming
2020-04-30,Outgoing
2020-04-30,Incoming
2020-04-30,Incoming
2020-04-30,Outgoing
2020-04-30,Outgoing
2020-04-30,Incoming
2020-04-30,Outgoing
2020-04-30,Incoming
2020-04-30,Outgoing
2020-04-30,Incoming
2020-04-30,Incoming
2020-04-30,Outgoing
2020-04-30,Outgoing
2020-04-30,Incoming
2020-04-30,Incoming
2020-04-30,Incoming
2020-04-30,Outgoing
2020-04-30,Incoming
2020-04-30,Outgoing
2020-04-30,Outgoing
2020-04-30,Outgoing
2020-04-30,Incoming
2020-04-30,Incoming
2020-04-30,Incoming
2020-04-30,Outgoing
2020-04-30,Incoming
2020-04-30,Outgoing
2020-04-29,Incoming
2020-04-29,Outgoing
2020-04-29,Incoming
2020-04-29,Outgoing
2020-04-29,Outgoing
2020-04-29,Incoming
2020-04-29,Outgoing
2020-04-29,Incoming
2020-04-29,Incoming
2020-04-29,Outgoing
2020-04-29,Outgoing
2020-04-29,Incoming
2020-04-29,Incoming
2020-04-29,Outgoing
2020-04-29,Incoming
2020-04-29,Outgoing
2020-04-29,Incoming
2020-04-29,Outgoing
2020-04-29,Incoming
2020-04-28,Outgoing
2020-04-28,Incoming
2020-04-28,Outgoing
2020-04-28,Incoming
2020-04-28,Incoming
2020-04-28,Outgoing
2020-04-28,Outgoing
2020-04-28,Incoming
2020-04-28,Outgoing
2020-04-28,Outgoing
2020-04-28,Incoming
2020-04-28,Outgoing
2020-04-28,Outgoing
2020-04-28,Incoming
2020-04-28,Outgoing
2020-04-28,Incoming
2020-04-28,Outgoing
2020-04-28,Incoming
2020-04-28,Outgoing
2020-04-28,Outgoing
2020-04-28,Incoming
2020-04-28,Incoming
2020-04-28,Outgoing
2020-04-28,Incoming
2020-04-28,Incoming
2020-04-28,Outgoing
2020-04-28,Incoming
2020-04-28,Incoming
2020-04-28,Outgoing
2020-04-28,Incoming
2020-04-28,Incoming
2020-04-28,Outgoing
2020-04-28,Incoming
2020-04-28,Outgoing
2020-04-28,Outgoing
2020-04-28,Incoming
2020-04-27,Outgoing
2020-04-27,Incoming
2020-04-27,Outgoing
2020-04-27,Incoming
2020-04-27,Outgoing
2020-04-27,Outgoing
2020-04-27,Outgoing
2020-04-27,Outgoing
2020-04-27,Incoming
2020-04-27,Incoming
2020-04-27,Incoming
2020-04-27,Outgoing
2020-04-27,Outgoing
2020-04-27,Incoming
2020-04-26,Outgoing
2020-04-26,Incoming
2020-04-26,Outgoing
2020-04-26,Incoming
2020-04-26,Outgoing
2020-04-26,Incoming
2020-04-26,Incoming
2020-04-26,Outgoing
2020-04-26,Incoming
2020-04-26,Outgoing
2020-04-26,Incoming
2020-04-26,Incoming
2020-04-26,Outgoing
2020-04-26,Outgoing
2020-04-26,Outgoing
2020-04-26,Incoming
2020-04-26,Outgoing
2020-04-26,Incoming
2020-04-26,Incoming
2020-04-26,Outgoing
2020-04-26,Incoming
2020-04-26,Outgoing
2020-04-26,Incoming
2020-04-26,Outgoing
2020-04-26,Incoming
2020-04-26,Outgoing
2020-04-26,Incoming
2020-04-26,Outgoing
2020-04-26,Outgoing
2020-04-26,Outgoing
2020-04-26,Incoming
2020-04-26,Incoming
2020-04-26,Outgoing
2020-04-26,Outgoing
2020-04-26,Outgoing
2020-04-26,Outgoing
2020-04-26,Incoming
2020-04-26,Outgoing
2020-04-26,Incoming
2020-04-26,Outgoing
2020-04-26,Incoming
2020-04-26,Outgoing
2020-04-26,Incoming
2020-04-26,Outgoing
2020-04-26,Outgoing
2020-04-26,Outgoing
2020-04-26,Incoming
2020-04-26,Outgoing
2020-04-26,Incoming
2020-04-26,Incoming
2020-04-26,Outgoing
2020-04-25,Outgoing
2020-04-25,Incoming
2020-04-25,Incoming
2020-04-25,Outgoing
2020-04-25,Incoming
2020-04-25,Outgoing
2020-04-25,Incoming
2020-04-25,Outgoing
2020-04-25,Outgoing
2020-04-25,Outgoing
2020-04-25,Incoming
2020-04-25,Outgoing
2020-04-25,Incoming
2020-04-25,Outgoing
2020-04-25,Incoming
2020-04-25,Outgoing
2020-04-25,Outgoing
2020-04-25,Incoming
2020-04-25,Incoming
2020-04-25,Outgoing
2020-04-25,Incoming
2020-04-25,Incoming
2020-04-25,Incoming
2020-04-25,Outgoing
2020-04-25,Outgoing
2020-04-25,Incoming
2020-04-25,Outgoing
2020-04-25,Incoming
2020-04-25,Outgoing
2020-04-25,Incoming
2020-04-25,Outgoing
2020-04-25,Outgoing
2020-04-25,Incoming
2020-04-25,Incoming
2020-04-25,Incoming
2020-04-25,Incoming
2020-04-25,Outgoing
2020-04-25,Outgoing
2020-04-25,Incoming
2020-04-25,Incoming
2020-04-25,Outgoing
2020-04-25,Outgoing
2020-04-25,Incoming
2020-04-25,Incoming
2020-04-25,Outgoing
2020-04-25,Incoming
2020-04-24,Incoming
2020-04-24,Outgoing
2020-04-24,Outgoing
2020-04-24,Incoming
2020-04-24,Outgoing
2020-04-24,Incoming
2020-04-24,Outgoing
2020-04-24,Outgoing
2020-04-24,Incoming
2020-04-24,Outgoing
2020-04-24,Outgoing
2020-04-24,Incoming
2020-04-24,Incoming
2020-04-24,Outgoing
2020-04-24,Outgoing
2020-04-24,Incoming
2020-04-24,Outgoing
2020-04-24,Outgoing
2020-04-24,Incoming
2020-04-24,Outgoing
2020-04-24,Incoming
2020-04-24,Incoming
2020-04-24,Outgoing
2020-04-24,Incoming
2020-04-24,Incoming
2020-04-24,Incoming
2020-04-24,Outgoing
2020-04-24,Incoming
2020-04-24,Incoming
2020-04-24,Outgoing
2020-04-24,Incoming
2020-04-24,Outgoing
2020-04-24,Incoming
2020-04-24,Incoming
2020-04-24,Outgoing
2020-04-24,Outgoing
2020-04-24,Outgoing
2020-04-24,Incoming
2020-04-24,Incoming
2020-04-24,Incoming
2020-04-24,Incoming
2020-04-24,Outgoing
2020-04-24,Incoming
2020-04-24,Outgoing
2020-04-24,Outgoing
2020-04-23,Outgoing
2020-04-23,Incoming
2020-04-23,Outgoing
2020-04-23,Incoming
2020-04-23,Incoming
2020-04-23,Outgoing
2020-04-23,Outgoing
2020-04-23,Incoming
2020-04-23,Outgoing
2020-04-23,Outgoing
2020-04-23,Incoming
2020-04-23,Outgoing
2020-04-23,Incoming
2020-04-23,Outgoing
2020-04-23,Incoming
2020-04-23,Outgoing
2020-04-23,Incoming
2020-04-23,Outgoing
2020-04-23,Outgoing
2020-04-23,Incoming
2020-04-23,Incoming
2020-04-23,Incoming
2020-04-23,Incoming
2020-04-23,Incoming
2020-04-23,Incoming
2020-04-23,Incoming
2020-04-23,Incoming
2020-04-23,Incoming
2020-04-23,Incoming
2020-04-23,Incoming
2020-04-22,Incoming
2020-04-22,Incoming
2020-04-22,Incoming
2020-04-22,Outgoing
2020-04-22,Outgoing
2020-04-22,Outgoing
2020-04-22,Outgoing
2020-04-22,Incoming
2020-04-22,Incoming
2020-04-22,Outgoing
2020-04-22,Outgoing
2020-04-22,Incoming
2020-04-22,Incoming
2020-04-22,Outgoing
2020-04-22,Outgoing
2020-04-22,Incoming
2020-04-22,Outgoing
2020-04-22,Incoming
2020-04-22,Outgoing
2020-04-22,Incoming
2020-04-22,Incoming
2020-04-22,Outgoing
2020-04-22,Outgoing
2020-04-22,Incoming
2020-04-21,Outgoing
2020-04-21,Outgoing
2020-04-21,Outgoing
2020-04-21,Incoming
2020-04-21,Outgoing
2020-04-21,Outgoing
2020-04-21,Outgoing
2020-04-21,Incoming
2020-04-21,Outgoing
2020-04-21,Incoming
2020-04-21,Incoming
2020-04-21,Outgoing
2020-04-21,Outgoing
2020-04-21,Outgoing
2020-04-21,Incoming
2020-04-21,Incoming
2020-04-21,Outgoing
2020-04-21,Outgoing
2020-04-21,Incoming
2020-04-21,Outgoing
2020-04-21,Incoming
2020-04-21,Incoming
2020-04-21,Outgoing
2020-04-21,Outgoing
2020-04-21,Outgoing
2020-04-21,Incoming
2020-04-21,Incoming
2020-04-21,Outgoing
2020-04-21,Outgoing
2020-04-21,Incoming
2020-04-21,Outgoing
2020-04-21,Incoming
2020-04-21,Incoming
2020-04-21,Outgoing
2020-04-21,Outgoing
2020-04-21,Incoming
2020-04-21,Outgoing
2020-04-21,Incoming
2020-04-21,Outgoing
2020-04-20,Outgoing
2020-04-20,Incoming
2020-04-20,Outgoing
2020-04-20,Incoming
2020-04-20,Outgoing
2020-04-20,Incoming
2020-04-20,Outgoing
2020-04-20,Outgoing
2020-04-20,Incoming
2020-04-20,Outgoing
2020-04-20,Outgoing
2020-04-20,Incoming
2020-04-20,Outgoing
2020-04-20,Incoming
2020-04-20,Outgoing
2020-04-20,Incoming
2020-04-20,Outgoing
2020-04-20,Incoming
2020-04-20,Incoming
2020-04-20,Incoming
2020-04-20,Incoming
2020-04-19,Outgoing
2020-04-19,Incoming
2020-04-19,Incoming
2020-04-19,Outgoing
2020-04-19,Outgoing
2020-04-19,Outgoing
2020-04-19,Incoming
2020-04-19,Outgoing
2020-04-19,Outgoing
2020-04-19,Outgoing
2020-04-19,Incoming
2020-04-19,Outgoing
2020-04-19,Incoming
2020-04-19,Incoming
2020-04-19,Outgoing
2020-04-19,Outgoing
2020-04-19,Incoming
2020-04-19,Incoming
2020-04-19,Outgoing
2020-04-19,Outgoing
2020-04-19,Incoming
2020-04-19,Outgoing
2020-04-19,Outgoing
2020-04-19,Incoming
2020-04-19,Outgoing
2020-04-19,Outgoing
2020-04-19,Incoming
2020-04-19,Outgoing
2020-04-19,Outgoing
2020-04-19,Incoming
2020-04-19,Outgoing
2020-04-19,Incoming
2020-04-19,Incoming
2020-04-19,Outgoing
2020-04-19,Outgoing
2020-04-19,Incoming
2020-04-19,Outgoing
2020-04-19,Incoming
2020-04-19,Outgoing
2020-04-19,Incoming
2020-04-19,Outgoing
2020-04-19,Incoming
2020-04-19,Incoming
2020-04-19,Outgoing
2020-04-19,Incoming
2020-04-19,Outgoing
2020-04-19,Incoming
2020-04-19,Incoming
2020-04-19,Incoming
2020-04-19,Outgoing
2020-04-19,Outgoing
2020-04-19,Outgoing
2020-04-19,Incoming
2020-04-19,Outgoing
2020-04-19,Outgoing
2020-04-19,Incoming
2020-04-19,Outgoing
2020-04-19,Incoming
2020-04-19,Outgoing
2020-04-19,Incoming
2020-04-19,Incoming
2020-04-19,Outgoing
2020-04-19,Outgoing
2020-04-19,Incoming
2020-04-19,Outgoing
2020-04-19,Incoming
2020-04-19,Outgoing
2020-04-19,Incoming
2020-04-19,Outgoing
2020-04-19,Incoming
2020-04-18,Outgoing
2020-04-18,Incoming
2020-04-18,Incoming
2020-04-18,Outgoing
2020-04-18,Incoming
2020-04-18,Incoming
2020-04-18,Incoming
2020-04-18,Outgoing
2020-04-18,Outgoing
2020-04-18,Incoming
2020-04-18,Outgoing
2020-04-18,Incoming
2020-04-18,Outgoing
2020-04-18,Incoming
2020-04-18,Outgoing
2020-04-18,Outgoing
2020-04-18,Outgoing
2020-04-18,Incoming
2020-04-18,Outgoing
2020-04-18,Incoming
2020-04-18,Outgoing
2020-04-18,Outgoing
2020-04-18,Incoming
2020-04-18,Incoming
2020-04-18,Outgoing
2020-04-18,Incoming
2020-04-18,Outgoing
2020-04-18,Incoming
2020-04-18,Incoming
2020-04-18,Incoming
2020-04-18,Outgoing
2020-04-18,Incoming
2020-04-18,Outgoing
2020-04-18,Incoming
2020-04-18,Outgoing
2020-04-18,Incoming
2020-04-18,Outgoing
2020-04-18,Incoming
2020-04-18,Outgoing
2020-04-18,Incoming
2020-04-18,Outgoing
2020-04-18,Outgoing
2020-04-18,Incoming
2020-04-18,Incoming
2020-04-18,Outgoing
2020-04-18,Incoming
2020-04-18,Incoming
2020-04-18,Outgoing
2020-04-18,Incoming
2020-04-18,Incoming
2020-04-18,Incoming
2020-04-18,Incoming
2020-04-18,Incoming
2020-04-18,Outgoing
2020-04-18,Outgoing
2020-04-18,Incoming
2020-04-18,Outgoing
2020-04-18,Incoming
2020-04-18,Outgoing
2020-04-18,Outgoing
2020-04-18,Incoming
2020-04-18,Incoming
2020-04-18,Incoming
2020-04-18,Outgoing
2020-04-18,Outgoing
2020-04-18,Outgoing
2020-04-18,Incoming
2020-04-18,Incoming
2020-04-18,Incoming
2020-04-18,Incoming
2020-04-18,Outgoing
2020-04-18,Outgoing
2020-04-18,Incoming
2020-04-18,Incoming
2020-04-18,Outgoing
2020-04-18,Incoming
2020-04-18,Outgoing
2020-04-18,Incoming
2020-04-18,Outgoing
2020-04-18,Incoming
2020-04-17,Incoming
2020-04-17,Outgoing
2020-04-17,Incoming
2020-04-17,Outgoing
2020-04-17,Outgoing
2020-04-17,Incoming
2020-04-17,Outgoing
2020-04-17,Outgoing
2020-04-17,Outgoing
2020-04-17,Incoming
2020-04-17,Outgoing
2020-04-17,Outgoing
2020-04-17,Incoming
2020-04-17,Outgoing
2020-04-17,Incoming
2020-04-17,Outgoing
2020-04-17,Incoming
2020-04-17,Outgoing
2020-04-17,Outgoing
2020-04-17,Outgoing
2020-04-17,Outgoing
2020-04-17,Outgoing
2020-04-17,Outgoing
2020-04-17,Incoming
2020-04-17,Outgoing
2020-04-17,Incoming
2020-04-17,Incoming
2020-04-17,Outgoing
2020-04-17,Incoming
2020-04-17,Incoming
2020-04-17,Outgoing
2020-04-17,Incoming
2020-04-17,Outgoing
2020-04-17,Outgoing
2020-04-17,Outgoing
2020-04-16,Outgoing
2020-04-16,Incoming
2020-04-16,Outgoing
2020-04-16,Outgoing
2020-04-16,Incoming
2020-04-16,Incoming
2020-04-16,Outgoing
2020-04-16,Outgoing
2020-04-16,Incoming
2020-04-16,Outgoing
2020-04-16,Incoming
2020-04-16,Incoming
2020-04-16,Outgoing
2020-04-16,Incoming
2020-04-16,Incoming
2020-04-16,Outgoing
2020-04-16,Outgoing
2020-04-16,Incoming
2020-04-16,Incoming
2020-04-16,Outgoing
2020-04-16,Incoming
2020-04-16,Outgoing
2020-04-16,Outgoing
2020-04-16,Incoming
2020-04-16,Outgoing
2020-04-16,Incoming
2020-04-16,Outgoing
2020-04-16,Outgoing
2020-04-16,Incoming
2020-04-16,Incoming
2020-04-16,Outgoing
2020-04-16,Incoming
2020-04-16,Outgoing
2020-04-16,Incoming
2020-04-16,Incoming
2020-04-16,Incoming
2020-04-16,Outgoing
2020-04-16,Incoming
2020-04-16,Outgoing
2020-04-16,Incoming
2020-04-16,Outgoing
2020-04-16,Incoming
2020-04-16,Incoming
2020-04-16,Outgoing
2020-04-16,Outgoing
2020-04-16,Incoming
2020-04-16,Incoming
2020-04-16,Outgoing
2020-04-16,Outgoing
2020-04-16,Outgoing
2020-04-16,Incoming
2020-04-16,Incoming
2020-04-16,Incoming
2020-04-16,Outgoing
2020-04-16,Incoming
2020-04-16,Incoming
2020-04-16,Outgoing
2020-04-16,Incoming
2020-04-16,Outgoing
2020-04-16,Outgoing
2020-04-16,Outgoing
2020-04-16,Incoming
2020-04-16,Incoming
2020-04-16,Outgoing
2020-04-16,Incoming
2020-04-16,Outgoing
2020-04-16,Incoming
2020-04-16,Incoming
2020-04-16,Outgoing
2020-04-15,Outgoing
2020-04-15,Outgoing
2020-04-15,Incoming
2020-04-15,Outgoing
2020-04-15,Incoming
2020-04-15,Incoming
2020-04-15,Outgoing
2020-04-15,Outgoing
2020-04-15,Outgoing
2020-04-15,Outgoing
2020-04-15,Incoming
2020-04-15,Incoming
2020-04-15,Incoming
2020-04-15,Outgoing
2020-04-15,Outgoing
2020-04-15,Incoming
2020-04-15,Incoming
2020-04-15,Outgoing
2020-04-15,Outgoing
2020-04-15,Outgoing
2020-04-15,Incoming
2020-04-15,Incoming
2020-04-15,Incoming
2020-04-15,Outgoing
2020-04-15,Outgoing
2020-04-15,Outgoing
2020-04-15,Incoming
2020-04-15,Outgoing
2020-04-15,Outgoing
2020-04-15,Incoming
2020-04-15,Outgoing
2020-04-15,Incoming
2020-04-15,Outgoing
2020-04-15,Outgoing
2020-04-15,Incoming
2020-04-15,Incoming
2020-04-15,Outgoing
2020-04-15,Outgoing
2020-04-15,Incoming
2020-04-15,Incoming
2020-04-15,Outgoing
2020-04-15,Outgoing
2020-04-15,Incoming
2020-04-15,Incoming
2020-04-15,Outgoing
2020-04-15,Outgoing
2020-04-15,Outgoing
2020-04-15,Incoming
2020-04-15,Incoming
2020-04-15,Outgoing
2020-04-15,Outgoing
2020-04-15,Incoming
2020-04-14,Incoming
2020-04-14,Incoming
2020-04-14,Incoming
2020-04-14,Incoming
2020-04-14,Outgoing
2020-04-14,Incoming
2020-04-14,Outgoing
2020-04-14,Outgoing
2020-04-14,Incoming
2020-04-14,Incoming
2020-04-14,Outgoing
2020-04-14,Outgoing
2020-04-14,Outgoing
2020-04-14,Outgoing
2020-04-14,Incoming
2020-04-14,Incoming
2020-04-14,Outgoing
2020-04-14,Incoming
2020-04-14,Outgoing
2020-04-14,Outgoing
2020-04-14,Incoming
2020-04-14,Incoming
2020-04-14,Incoming
2020-04-14,Incoming
2020-04-14,Incoming
2020-04-14,Incoming
2020-04-14,Outgoing
2020-04-14,Incoming
2020-04-14,Outgoing
2020-04-14,Incoming
2020-04-14,Outgoing
2020-04-14,Outgoing
2020-04-14,Incoming
2020-04-14,Outgoing
2020-04-14,Incoming
2020-04-14,Incoming
2020-04-14,Outgoing
2020-04-14,Outgoing
2020-04-14,Incoming
2020-04-14,Incoming
2020-04-14,Outgoing
2020-04-14,Incoming
2020-04-14,Incoming
2020-04-14,Outgoing
2020-04-14,Outgoing
2020-04-14,Incoming
2020-04-14,Outgoing
2020-04-14,Incoming
2020-04-14,Incoming
2020-04-14,Outgoing
2020-04-14,Incoming
2020-04-14,Incoming
2020-04-14,Outgoing
2020-04-14,Outgoing
2020-04-14,Incoming
2020-04-14,Incoming
2020-04-14,Outgoing
2020-04-14,Outgoing
2020-04-14,Incoming
2020-04-14,Incoming
2020-04-14,Incoming
2020-04-14,Outgoing
2020-04-14,Outgoing
2020-04-14,Incoming
2020-04-14,Outgoing
2020-04-14,Outgoing
2020-04-14,Incoming
2020-04-14,Incoming
2020-04-14,Incoming
2020-04-14,Incoming
2020-04-14,Incoming
2020-04-14,Outgoing
2020-04-14,Outgoing
2020-04-14,Outgoing
2020-04-14,Outgoing
2020-04-14,Incoming
2020-04-14,Incoming
2020-04-14,Outgoing
2020-04-14,Incoming
2020-04-14,Outgoing
2020-04-14,Outgoing
2020-04-14,Incoming
2020-04-14,Outgoing
2020-04-14,Outgoing
2020-04-14,Outgoing
2020-04-14,Incoming
2020-04-14,Incoming
2020-04-14,Outgoing
2020-04-14,Outgoing
2020-04-14,Incoming
2020-04-14,Incoming
2020-04-14,Incoming
2020-04-14,Incoming
2020-04-14,Outgoing
2020-04-14,Outgoing
2020-04-14,Outgoing
2020-04-14,Incoming
2020-04-14,Outgoing
2020-04-14,Incoming
2020-04-13,Incoming
2020-04-13,Outgoing
2020-04-13,Incoming
2020-04-13,Incoming
2020-04-13,Outgoing
2020-04-13,Incoming
2020-04-13,Outgoing
2020-04-13,Outgoing
2020-04-13,Incoming
2020-04-13,Incoming
2020-04-13,Outgoing
2020-04-13,Outgoing
2020-04-13,Incoming
2020-04-13,Incoming
2020-04-13,Outgoing
2020-04-13,Incoming
2020-04-13,Incoming
2020-04-13,Outgoing
2020-04-13,Incoming
2020-04-13,Outgoing
2020-04-13,Outgoing
2020-04-13,Incoming
2020-04-13,Incoming
2020-04-13,Outgoing
2020-04-13,Incoming
2020-04-13,Outgoing
2020-04-13,Incoming
2020-04-13,Incoming
2020-04-13,Outgoing
2020-04-13,Outgoing
2020-04-13,Outgoing
2020-04-13,Outgoing
2020-04-13,Incoming
2020-04-13,Outgoing
2020-04-13,Incoming
2020-04-13,Outgoing
2020-04-13,Outgoing
2020-04-13,Incoming
2020-04-13,Outgoing
2020-04-13,Incoming
2020-04-13,Incoming
2020-04-13,Incoming
2020-04-12,Outgoing
2020-04-12,Incoming
2020-04-12,Outgoing
2020-04-12,Incoming
2020-04-12,Incoming
2020-04-12,Outgoing
2020-04-12,Incoming
2020-04-12,Outgoing
2020-04-12,Outgoing
2020-04-12,Incoming
2020-04-12,Incoming
2020-04-12,Incoming
2020-04-12,Outgoing
2020-04-12,Outgoing
2020-04-12,Outgoing
2020-04-12,Outgoing
2020-04-12,Incoming
2020-04-12,Incoming
2020-04-12,Outgoing
2020-04-12,Incoming
2020-04-12,Incoming
2020-04-12,Outgoing
2020-04-12,Incoming
2020-04-12,Outgoing
2020-04-12,Incoming
2020-04-12,Incoming
2020-04-12,Outgoing
2020-04-12,Incoming
2020-04-12,Incoming
2020-04-12,Outgoing
2020-04-12,Incoming
2020-04-12,Outgoing
2020-04-12,Incoming
2020-04-12,Outgoing
2020-04-12,Incoming
2020-04-12,Outgoing
2020-04-12,Incoming
2020-04-12,Incoming
2020-04-12,Incoming
2020-04-12,Incoming
2020-04-12,Incoming
2020-04-12,Outgoing
2020-04-12,Incoming
2020-04-12,Incoming
2020-04-12,Outgoing
2020-04-12,Outgoing
2020-04-12,Incoming
2020-04-12,Outgoing
2020-04-11,Outgoing
2020-04-11,Incoming
2020-04-11,Outgoing
2020-04-11,Outgoing
2020-04-11,Incoming
2020-04-11,Outgoing
2020-04-11,Incoming
2020-04-11,Incoming
2020-04-11,Incoming
2020-04-11,Outgoing
2020-04-11,Outgoing
2020-04-11,Incoming
2020-04-11,Outgoing
2020-04-11,Incoming
2020-04-11,Outgoing
2020-04-11,Incoming
2020-04-11,Outgoing
2020-04-10,Incoming
2020-04-10,Outgoing
2020-04-10,Incoming
2020-04-10,Incoming
2020-04-10,Outgoing
2020-04-10,Outgoing
2020-04-10,Incoming
2020-04-10,Incoming
2020-04-10,Outgoing
2020-04-10,Incoming
2020-04-10,Incoming
2020-04-10,Incoming
2020-04-10,Outgoing
2020-04-10,Outgoing
2020-04-10,Outgoing
2020-04-10,Outgoing
2020-04-10,Outgoing
2020-04-10,Incoming
2020-04-10,Incoming
2020-04-10,Outgoing
2020-04-10,Incoming
2020-04-10,Outgoing
2020-04-10,Outgoing
2020-04-10,Outgoing
2020-04-10,Incoming
2020-04-10,Outgoing
2020-04-10,Outgoing
2020-04-10,Outgoing
2020-04-10,Incoming
2020-04-10,Incoming
2020-04-10,Incoming
2020-04-10,Incoming
2020-04-10,Outgoing
2020-04-10,Incoming
2020-04-10,Outgoing
2020-04-10,Outgoing
2020-04-10,Incoming
2020-04-10,Outgoing
2020-04-10,Incoming
2020-04-10,Outgoing
2020-04-10,Outgoing
2020-04-10,Incoming
2020-04-10,Outgoing
2020-04-10,Outgoing
2020-04-10,Outgoing
2020-04-10,Outgoing
2020-04-10,Incoming
2020-04-10,Incoming
2020-04-10,Outgoing
2020-04-10,Incoming
2020-04-10,Outgoing
2020-04-10,Outgoing
2020-04-10,Incoming
2020-04-10,Incoming
2020-04-10,Incoming
2020-04-10,Outgoing
2020-04-10,Incoming
2020-04-10,Incoming
2020-04-10,Incoming
2020-04-10,Outgoing
2020-04-10,Incoming
2020-04-10,Outgoing
2020-04-09,Incoming
2020-04-09,Incoming
2020-04-09,Incoming
2020-04-09,Incoming
2020-04-09,Outgoing
2020-04-09,Outgoing
2020-04-09,Incoming
2020-04-09,Incoming
2020-04-09,Outgoing
2020-04-09,Outgoing
2020-04-09,Incoming
2020-04-09,Outgoing
2020-04-09,Incoming
2020-04-09,Incoming
2020-04-09,Outgoing
2020-04-09,Outgoing
2020-04-09,Outgoing
2020-04-09,Incoming
2020-04-09,Incoming
2020-04-09,Outgoing
2020-04-09,Incoming
2020-04-09,Outgoing
2020-04-09,Incoming
2020-04-09,Incoming
2020-04-09,Incoming
2020-04-09,Outgoing
2020-04-09,Outgoing
2020-04-09,Outgoing
2020-04-09,Incoming
2020-04-09,Outgoing
2020-04-09,Incoming
2020-04-09,Incoming
2020-04-09,Incoming
2020-04-09,Outgoing
2020-04-09,Outgoing
2020-04-09,Outgoing
2020-04-09,Incoming
2020-04-09,Outgoing
2020-04-09,Incoming
2020-04-09,Incoming
2020-04-08,Incoming
2020-04-08,Outgoing
2020-04-08,Outgoing
2020-04-08,Incoming
2020-04-08,Incoming
2020-04-08,Outgoing
2020-04-08,Outgoing
2020-04-08,Incoming
2020-04-08,Outgoing
2020-04-08,Outgoing
2020-04-08,Outgoing
2020-04-08,Outgoing
2020-04-08,Outgoing
2020-04-08,Incoming
2020-04-08,Outgoing
2020-04-08,Incoming
2020-04-08,Incoming
2020-04-08,Incoming
2020-04-08,Outgoing
2020-04-08,Outgoing
2020-04-08,Outgoing
2020-04-08,Incoming
2020-04-07,Incoming
2020-04-07,Outgoing
2020-04-07,Outgoing
2020-04-07,Incoming
2020-04-07,Outgoing
2020-04-07,Incoming
2020-04-07,Outgoing
2020-04-07,Outgoing
2020-04-07,Incoming
2020-04-07,Outgoing
2020-04-07,Incoming
2020-04-07,Outgoing
2020-04-07,Incoming
2020-04-07,Outgoing
2020-04-07,Incoming
2020-04-07,Incoming
2020-04-07,Outgoing
2020-04-07,Incoming
2020-04-07,Outgoing
2020-04-07,Outgoing
2020-04-07,Outgoing
2020-04-07,Incoming
2020-04-07,Incoming
2020-04-07,Outgoing
2020-04-07,Outgoing
2020-04-07,Incoming
2020-04-07,Outgoing
2020-04-07,Incoming
2020-04-07,Incoming
2020-04-07,Outgoing
2020-04-06,Outgoing
2020-04-06,Outgoing
2020-04-06,Incoming
2020-04-06,Incoming
2020-04-06,Outgoing
2020-04-06,Incoming
2020-04-06,Incoming
2020-04-06,Incoming
2020-04-06,Outgoing
2020-04-06,Incoming
2020-04-06,Outgoing
2020-04-06,Incoming
2020-04-06,Outgoing
2020-04-06,Outgoing
2020-04-06,Incoming
2020-04-06,Incoming
2020-04-06,Outgoing
2020-04-06,Incoming
2020-04-06,Outgoing
2020-04-06,Incoming
2020-04-06,Outgoing
2020-04-06,Outgoing
2020-04-06,Incoming
2020-04-06,Outgoing
2020-04-06,Outgoing
2020-04-06,Outgoing
2020-04-06,Incoming
2020-04-06,Incoming
2020-04-06,Outgoing
2020-04-06,Incoming
2020-04-06,Incoming
2020-04-06,Outgoing
2020-04-06,Outgoing
2020-04-06,Incoming
2020-04-06,Outgoing
2020-04-06,Incoming
2020-04-06,Outgoing
2020-04-06,Incoming
2020-04-06,Incoming
2020-04-06,Outgoing
2020-04-06,Incoming
2020-04-06,Outgoing
2020-04-06,Incoming
2020-04-05,Outgoing
2020-04-05,Outgoing
2020-04-05,Incoming
2020-04-05,Incoming
2020-04-05,Incoming
2020-04-05,Outgoing
2020-04-05,Outgoing
2020-04-05,Outgoing
2020-04-05,Incoming
2020-04-05,Outgoing
2020-04-05,Incoming
2020-04-05,Incoming
2020-04-05,Outgoing
2020-04-05,Outgoing
2020-04-05,Incoming
2020-04-05,Outgoing
2020-04-05,Incoming
2020-04-05,Outgoing
2020-04-05,Outgoing
2020-04-05,Outgoing
2020-04-05,Incoming
2020-04-05,Outgoing
2020-04-05,Incoming
2020-04-05,Outgoing
2020-04-05,Outgoing
2020-04-05,Outgoing
2020-04-05,Incoming
2020-04-05,Incoming
2020-04-05,Outgoing
2020-04-05,Incoming
2020-04-05,Outgoing
2020-04-05,Incoming
2020-04-05,Incoming
2020-04-05,Outgoing
2020-04-05,Incoming
2020-04-05,Outgoing
2020-04-05,Outgoing
2020-04-04,Incoming
2020-04-04,Incoming
2020-04-04,Outgoing
2020-04-04,Incoming
2020-04-04,Incoming
2020-04-04,Incoming
2020-04-04,Outgoing
2020-04-04,Incoming
2020-04-04,Outgoing
2020-04-04,Incoming
2020-04-04,Incoming
2020-04-04,Outgoing
2020-04-04,Outgoing
2020-04-04,Outgoing
2020-04-04,Incoming
2020-04-04,Incoming
2020-04-04,Outgoing
2020-04-04,Incoming
2020-04-04,Incoming
2020-04-04,Outgoing
2020-04-04,Incoming
2020-04-04,Incoming
2020-04-04,Incoming
2020-04-04,Outgoing
2020-04-04,Incoming
2020-04-04,Incoming
2020-04-04,Incoming
2020-04-03,Outgoing
2020-04-03,Outgoing
2020-04-03,Incoming
2020-04-03,Outgoing
2020-04-03,Incoming
2020-04-03,Outgoing
2020-04-03,Incoming
2020-04-03,Outgoing
2020-04-03,Outgoing
2020-04-03,Incoming
2020-04-03,Incoming
2020-04-03,Outgoing
2020-04-03,Outgoing
2020-04-03,Incoming
2020-04-03,Incoming
2020-04-03,Outgoing
2020-04-03,Incoming
2020-04-03,Incoming
2020-04-03,Outgoing
2020-04-03,Incoming
2020-04-03,Incoming
2020-04-03,Outgoing
2020-04-03,Outgoing
2020-04-03,Incoming
2020-04-03,Outgoing
2020-04-03,Incoming
2020-04-03,Incoming
2020-04-03,Outgoing
2020-04-03,Outgoing
2020-04-03,Incoming
2020-04-02,Incoming
2020-04-02,Outgoing
2020-04-02,Incoming
2020-04-02,Outgoing
2020-04-02,Incoming
2020-04-02,Incoming
2020-04-02,Outgoing
2020-04-02,Outgoing
2020-04-02,Outgoing
2020-04-02,Outgoing
2020-04-02,Incoming
2020-04-02,Outgoing
2020-04-02,Incoming
2020-04-02,Incoming
2020-04-02,Incoming
2020-04-02,Outgoing
2020-04-02,Outgoing
2020-04-02,Incoming
2020-04-02,Incoming
2020-04-02,Incoming
2020-04-02,Outgoing
2020-04-02,Outgoing
2020-04-02,Outgoing
2020-04-02,Incoming
2020-04-02,Outgoing
2020-04-02,Outgoing
2020-04-02,Incoming
2020-04-02,Outgoing
2020-04-02,Outgoing
2020-04-02,Incoming
2020-04-01,Outgoing
2020-04-01,Outgoing
2020-04-01,Incoming
2020-04-01,Incoming
2020-04-01,Outgoing
2020-04-01,Outgoing
2020-04-01,Outgoing
2020-04-01,Incoming
2020-04-01,Incoming
2020-04-01,Incoming
2020-04-01,Outgoing
2020-04-01,Incoming
2020-04-01,Incoming
2020-04-01,Outgoing
2020-03-31,Incoming
2020-03-31,Incoming
2020-03-31,Incoming
2020-03-31,Outgoing
2020-03-31,Incoming
2020-03-31,Outgoing
2020-03-31,Incoming
2020-03-31,Outgoing
2020-03-31,Outgoing
2020-03-31,Incoming
2020-03-31,Outgoing
2020-03-31,Outgoing
2020-03-31,Incoming
2020-03-31,Outgoing
2020-03-31,Outgoing
2020-03-31,Incoming
2020-03-31,Incoming
2020-03-31,Outgoing
2020-03-31,Outgoing
2020-03-31,Incoming
2020-03-31,Outgoing
2020-03-31,Incoming
2020-03-31,Incoming
2020-03-31,Incoming
2020-03-31,Outgoing
2020-03-31,Incoming
2020-03-31,Outgoing
2020-03-31,Outgoing
2020-03-31,Incoming
2020-03-31,Outgoing
2020-03-31,Incoming
2020-03-31,Incoming
2020-03-31,Outgoing
2020-03-31,Incoming
2020-03-31,Outgoing
2020-03-31,Outgoing
2020-03-31,Incoming
2020-03-31,Outgoing
2020-03-31,Incoming
2020-03-31,Incoming
2020-03-31,Outgoing
2020-03-31,Outgoing
2020-03-31,Outgoing
2020-03-31,Incoming
2020-03-30,Outgoing
2020-03-30,Incoming
2020-03-30,Outgoing
2020-03-30,Outgoing
2020-03-30,Incoming
2020-03-30,Incoming
2020-03-30,Incoming
2020-03-30,Incoming
2020-03-30,Outgoing
2020-03-30,Outgoing
2020-03-30,Outgoing
2020-03-30,Incoming
2020-03-30,Incoming
2020-03-30,Outgoing
2020-03-30,Outgoing
2020-03-30,Incoming
2020-03-30,Incoming
2020-03-30,Outgoing
2020-03-29,Incoming
2020-03-29,Outgoing
2020-03-29,Outgoing
2020-03-29,Incoming
2020-03-29,Outgoing
2020-03-29,Outgoing
2020-03-29,Incoming
2020-03-29,Incoming
2020-03-29,Outgoing
2020-03-28,Outgoing
2020-03-28,Outgoing
2020-03-28,Incoming
2020-03-28,Outgoing
2020-03-28,Outgoing
2020-03-28,Incoming
2020-03-28,Incoming
2020-03-28,Incoming
2020-03-28,Incoming
2020-03-28,Incoming
2020-03-28,Outgoing
2020-03-28,Outgoing
2020-03-28,Incoming
2020-03-27,Incoming
2020-03-27,Incoming
2020-03-27,Outgoing
2020-03-27,Incoming
2020-03-27,Incoming
2020-03-27,Incoming
2020-03-27,Outgoing
2020-03-27,Outgoing
2020-03-27,Outgoing
2020-03-27,Incoming
2020-03-27,Outgoing
2020-03-27,Incoming
2020-03-27,Outgoing
2020-03-26,Incoming
2020-03-26,Outgoing
2020-03-26,Incoming
2020-03-26,Outgoing
2020-03-26,Outgoing
2020-03-26,Outgoing
2020-03-26,Incoming
2020-03-26,Incoming
2020-03-26,Incoming
2020-03-26,Outgoing
2020-03-26,Incoming
2020-03-26,Outgoing
2020-03-26,Outgoing
2020-03-26,Incoming
2020-03-26,Incoming
2020-03-26,Outgoing
2020-03-26,Incoming
2020-03-26,Outgoing
2020-03-26,Outgoing
2020-03-26,Incoming
2020-03-26,Incoming
2020-03-26,Incoming
2020-03-26,Outgoing
2020-03-26,Outgoing
2020-03-26,Incoming
2020-03-25,Outgoing
2020-03-25,Incoming
2020-03-25,Outgoing
2020-03-25,Incoming
2020-03-25,Outgoing
2020-03-25,Outgoing
2020-03-25,Incoming
2020-03-25,Outgoing
2020-03-25,Incoming
2020-03-25,Outgoing
2020-03-25,Outgoing
2020-03-25,Incoming
2020-03-25,Outgoing
2020-03-25,Incoming
2020-03-25,Incoming
2020-03-25,Outgoing
2020-03-25,Incoming
2020-03-25,Incoming
2020-03-25,Outgoing
2020-03-25,Incoming
2020-03-25,Incoming
2020-03-25,Outgoing
2020-03-25,Incoming
2020-03-25,Incoming
2020-03-25,Outgoing
2020-03-25,Incoming
2020-03-25,Outgoing
2020-03-25,Incoming
2020-03-25,Incoming
2020-03-25,Outgoing
2020-03-24,Incoming
2020-03-24,Outgoing
2020-03-24,Incoming
2020-03-24,Incoming
2020-03-24,Outgoing
2020-03-24,Incoming
2020-03-24,Incoming
2020-03-24,Outgoing
2020-03-24,Outgoing
2020-03-24,Incoming
2020-03-24,Incoming
2020-03-24,Incoming
2020-03-24,Outgoing
2020-03-24,Outgoing
2020-03-24,Incoming
2020-03-24,Outgoing
2020-03-24,Outgoing
2020-03-24,Outgoing
2020-03-24,Incoming
2020-03-24,Outgoing
2020-03-24,Incoming
2020-03-24,Outgoing
2020-03-24,Outgoing
2020-03-24,Outgoing
2020-03-24,Incoming
2020-03-23,Incoming
2020-03-23,Incoming
2020-03-23,Incoming
2020-03-23,Outgoing
2020-03-23,Incoming
2020-03-23,Outgoing
2020-03-23,Incoming
2020-03-23,Outgoing
2020-03-23,Outgoing
2020-03-23,Outgoing
2020-03-23,Outgoing
2020-03-23,Outgoing
2020-03-23,Outgoing
2020-03-23,Outgoing
2020-03-23,Incoming
2020-03-23,Incoming
2020-03-23,Outgoing
2020-03-23,Outgoing
2020-03-23,Incoming
2020-03-23,Incoming
2020-03-23,Incoming
2020-03-23,Incoming
2020-03-23,Outgoing
2020-03-23,Incoming
2020-03-23,Outgoing
2020-03-23,Outgoing
2020-03-23,Outgoing
2020-03-23,Outgoing
2020-03-23,Incoming
2020-03-22,Incoming
2020-03-22,Outgoing
2020-03-22,Incoming
2020-03-22,Incoming
2020-03-22,Outgoing
2020-03-22,Outgoing
2020-03-22,Incoming
2020-03-22,Outgoing
2020-03-22,Incoming
2020-03-22,Outgoing
2020-03-22,Outgoing
2020-03-22,Outgoing
2020-03-22,Incoming
2020-03-22,Incoming
2020-03-22,Outgoing
2020-03-22,Outgoing
2020-03-22,Incoming
2020-03-22,Incoming
2020-03-22,Outgoing
2020-03-22,Outgoing
2020-03-22,Incoming
2020-03-22,Outgoing
2020-03-22,Incoming
2020-03-21,Outgoing
2020-03-21,Outgoing
2020-03-21,Outgoing
2020-03-21,Incoming
2020-03-21,Incoming
2020-03-21,Incoming
2020-03-21,Outgoing
2020-03-21,Incoming
2020-03-21,Outgoing
2020-03-21,Outgoing
2020-03-21,Incoming
2020-03-21,Incoming
2020-03-21,Outgoing
2020-03-21,Incoming
2020-03-21,Incoming
2020-03-21,Outgoing
2020-03-21,Outgoing
2020-03-21,Incoming
2020-03-21,Outgoing
2020-03-21,Incoming
2020-03-21,Incoming
2020-03-21,Incoming
2020-03-21,Incoming
2020-03-21,Incoming
2020-03-21,Outgoing
2020-03-21,Incoming
2020-03-21,Incoming
2020-03-21,Outgoing
2020-03-21,Outgoing
2020-03-21,Incoming
2020-03-21,Outgoing
2020-03-21,Outgoing
2020-03-21,Incoming
2020-03-21,Incoming
2020-03-21,Outgoing
2020-03-21,Outgoing
2020-03-21,Incoming
2020-03-21,Outgoing
2020-03-21,Incoming
2020-03-21,Incoming
2020-03-21,Outgoing
2020-03-21,Outgoing
2020-03-21,Incoming
2020-03-21,Incoming
2020-03-21,Outgoing
2020-03-21,Incoming
2020-03-21,Outgoing
2020-03-21,Outgoing
2020-03-21,Incoming
2020-03-21,Outgoing
2020-03-21,Outgoing
2020-03-21,Incoming
2020-03-21,Incoming
2020-03-21,Incoming
2020-03-21,Incoming
2020-03-21,Outgoing
2020-03-20,Incoming
2020-03-20,Outgoing
2020-03-20,Incoming
2020-03-20,Incoming
2020-03-20,Outgoing
2020-03-20,Outgoing
2020-03-20,Incoming
2020-03-20,Incoming
2020-03-20,Outgoing
2020-03-20,Incoming
2020-03-20,Outgoing
2020-03-20,Outgoing
2020-03-20,Outgoing
2020-03-20,Incoming
2020-03-20,Incoming
2020-03-20,Outgoing
2020-03-20,Incoming
2020-03-20,Incoming
2020-03-20,Incoming
2020-03-20,Incoming
2020-03-20,Outgoing
2020-03-20,Outgoing
2020-03-20,Outgoing
2020-03-20,Outgoing
2020-03-20,Incoming
2020-03-20,Outgoing
2020-03-20,Incoming
2020-03-20,Outgoing
2020-03-20,Outgoing
2020-03-20,Outgoing
2020-03-20,Incoming
2020-03-20,Incoming
2020-03-20,Outgoing
2020-03-20,Outgoing
2020-03-20,Incoming
2020-03-20,Outgoing
2020-03-20,Incoming
2020-03-19,Outgoing
2020-03-19,Incoming
2020-03-19,Incoming
2020-03-19,Outgoing
2020-03-19,Outgoing
2020-03-19,Outgoing
2020-03-19,Outgoing
2020-03-19,Incoming
2020-03-19,Incoming
2020-03-19,Incoming
2020-03-19,Outgoing
2020-03-19,Incoming
2020-03-19,Outgoing
2020-03-19,Incoming
2020-03-19,Outgoing
2020-03-19,Incoming
2020-03-19,Outgoing
2020-03-19,Outgoing
2020-03-19,Outgoing
2020-03-19,Incoming
2020-03-19,Incoming
2020-03-19,Outgoing
2020-03-19,Outgoing
2020-03-19,Outgoing
2020-03-19,Outgoing
2020-03-19,Outgoing
2020-03-19,Outgoing
2020-03-19,Incoming
2020-03-19,Incoming
2020-03-19,Outgoing
2020-03-19,Incoming
2020-03-19,Incoming
2020-03-19,Incoming
2020-03-19,Outgoing
2020-03-18,Incoming
2020-03-18,Incoming
2020-03-18,Outgoing
2020-03-18,Outgoing
2020-03-18,Incoming
2020-03-18,Outgoing
2020-03-18,Incoming
2020-03-18,Incoming
2020-03-18,Outgoing
2020-03-18,Incoming
2020-03-18,Outgoing
2020-03-18,Incoming
2020-03-18,Outgoing
2020-03-18,Incoming
2020-03-18,Outgoing
2020-03-18,Incoming
2020-03-18,Outgoing
2020-03-18,Incoming
2020-03-18,Incoming
2020-03-18,Incoming
2020-03-18,Outgoing
2020-03-18,Incoming
2020-03-18,Outgoing
2020-03-18,Outgoing
2020-03-18,Incoming
2020-03-18,Outgoing
2020-03-18,Incoming
2020-03-18,Outgoing
2020-03-18,Incoming
2020-03-18,Outgoing
2020-03-18,Incoming
2020-03-18,Incoming
2020-03-18,Incoming
2020-03-18,Outgoing
2020-03-18,Outgoing
2020-03-18,Outgoing
2020-03-18,Incoming
2020-03-18,Incoming
2020-03-18,Incoming
2020-03-18,Incoming
2020-03-18,Outgoing
2020-03-18,Incoming
2020-03-18,Outgoing
2020-03-17,Outgoing
2020-03-17,Outgoing
2020-03-17,Outgoing
2020-03-17,Incoming
2020-03-17,Outgoing
2020-03-17,Incoming
2020-03-17,Incoming
2020-03-17,Incoming
2020-03-17,Incoming
2020-03-17,Incoming
2020-03-17,Outgoing
2020-03-17,Outgoing
2020-03-17,Outgoing
2020-03-17,Incoming
2020-03-17,Incoming
2020-03-17,Outgoing
2020-03-17,Incoming
2020-03-17,Outgoing
2020-03-17,Incoming
2020-03-17,Incoming
2020-03-17,Outgoing
2020-03-17,Outgoing
2020-03-17,Outgoing
2020-03-17,Outgoing
2020-03-17,Incoming
2020-03-17,Outgoing
2020-03-17,Outgoing
2020-03-17,Incoming
2020-03-17,Incoming
2020-03-17,Incoming
2020-03-17,Outgoing
2020-03-17,Incoming
2020-03-17,Incoming
2020-03-17,Outgoing
2020-03-17,Outgoing
2020-03-17,Incoming
2020-03-17,Outgoing
2020-03-17,Outgoing
2020-03-17,Incoming
2020-03-17,Outgoing
2020-03-17,Incoming
2020-03-17,Incoming
2020-03-16,Outgoing
2020-03-16,Outgoing
2020-03-16,Incoming
2020-03-16,Incoming
2020-03-16,Outgoing
2020-03-16,Outgoing
2020-03-16,Incoming
2020-03-16,Incoming
2020-03-16,Outgoing
2020-03-16,Outgoing
2020-03-16,Outgoing
2020-03-16,Outgoing
2020-03-16,Outgoing
2020-03-16,Incoming
2020-03-16,Outgoing
2020-03-16,Incoming
2020-03-16,Incoming
2020-03-16,Incoming
2020-03-16,Incoming
2020-03-16,Incoming
2020-03-16,Incoming
2020-03-16,Outgoing
2020-03-15,Incoming
2020-03-15,Incoming
2020-03-15,Incoming
2020-03-15,Incoming
2020-03-15,Outgoing
2020-03-15,Outgoing
2020-03-15,Outgoing
2020-03-15,Outgoing
2020-03-15,Outgoing
2020-03-15,Outgoing
2020-03-15,Outgoing
2020-03-15,Outgoing
2020-03-15,Outgoing
2020-03-15,Incoming
2020-03-15,Incoming
2020-03-15,Incoming
2020-03-15,Incoming
2020-03-15,Outgoing
2020-03-15,Outgoing
2020-03-15,Outgoing
2020-03-15,Incoming
2020-03-15,Incoming
2020-03-15,Incoming
2020-03-15,Incoming
2020-03-15,Incoming
2020-03-15,Incoming
2020-03-15,Incoming
2020-03-15,Incoming
2020-03-15,Outgoing
2020-03-15,Outgoing
2020-03-15,Outgoing
2020-03-15,Incoming
2020-03-15,Incoming
2020-03-15,Outgoing
2020-03-15,Outgoing
2020-03-15,Outgoing
2020-03-15,Incoming
2020-03-15,Incoming
2020-03-15,Incoming
2020-03-15,Incoming
2020-03-15,Incoming
2020-03-15,Outgoing
2020-03-15,Outgoing
2020-03-15,Outgoing
2020-03-15,Incoming
2020-03-15,Outgoing
2020-03-15,Incoming
2020-03-15,Outgoing
2020-03-15,Incoming
2020-03-15,Outgoing
2020-03-15,Incoming
2020-03-15,Outgoing
2020-03-15,Outgoing
2020-03-15,Incoming
2020-03-15,Incoming
2020-03-14,Outgoing
2020-03-14,Incoming
2020-03-14,Outgoing
2020-03-14,Outgoing
2020-03-14,Outgoing
2020-03-14,Incoming
2020-03-14,Incoming
2020-03-14,Incoming
2020-03-14,Incoming
2020-03-14,Incoming
2020-03-14,Incoming
2020-03-14,Incoming
2020-03-14,Incoming
2020-03-13,Outgoing
2020-03-13,Outgoing
2020-03-13,Incoming
2020-03-13,Incoming
2020-03-13,Incoming
2020-03-13,Outgoing
2020-03-13,Incoming
2020-03-13,Outgoing
2020-03-13,Incoming
2020-03-13,Incoming
2020-03-13,Outgoing
2020-03-13,Outgoing
2020-03-13,Incoming
2020-03-13,Incoming
2020-03-13,Incoming
2020-03-13,Outgoing
2020-03-13,Outgoing
2020-03-13,Incoming
2020-03-13,Incoming
2020-03-12,Incoming
2020-03-12,Incoming
2020-03-12,Incoming
2020-03-12,Incoming
2020-03-12,Incoming
2020-03-12,Incoming
2020-03-12,Incoming
2020-03-12,Incoming
2020-03-12,Outgoing
2020-03-12,Outgoing
2020-03-12,Outgoing
2020-03-12,Incoming
2020-03-11,Outgoing
2020-03-11,Incoming
2020-03-11,Incoming
2020-03-11,Incoming
2020-03-11,Incoming
2020-03-11,Incoming
2020-03-11,Outgoing
2020-03-11,Outgoing
2020-03-11,Outgoing
2020-03-11,Outgoing
2020-03-11,Incoming
2020-03-11,Incoming
2020-03-11,Outgoing
2020-03-11,Outgoing
2020-03-11,Incoming
2020-03-11,Incoming
2020-03-11,Outgoing
2020-03-11,Outgoing
2020-03-11,Incoming
2020-03-11,Incoming
2020-03-11,Outgoing
2020-03-11,Incoming
2020-03-11,Incoming
2020-03-11,Outgoing
2020-03-11,Outgoing
2020-03-11,Incoming
2020-03-11,Incoming
2020-03-11,Incoming
2020-03-11,Incoming
2020-03-11,Incoming
2020-03-11,Outgoing
2020-03-11,Incoming
2020-03-11,Outgoing
2020-03-11,Incoming
2020-03-11,Incoming
2020-03-11,Outgoing
2020-03-11,Outgoing
2020-03-11,Outgoing
2020-03-11,Incoming
2020-03-11,Outgoing
2020-03-11,Outgoing
2020-03-11,Outgoing
2020-03-11,Outgoing
2020-03-11,Outgoing
2020-03-11,Outgoing
2020-03-11,Incoming
2020-03-11,Incoming
2020-03-11,Outgoing
2020-03-11,Outgoing
2020-03-11,Outgoing
2020-03-10,Outgoing
2020-03-10,Outgoing
2020-03-10,Incoming
2020-03-10,Incoming
2020-03-10,Incoming
2020-03-10,Incoming
2020-03-10,Incoming
2020-03-10,Incoming
2020-03-10,Outgoing
2020-03-10,Incoming
2020-03-10,Incoming
2020-03-10,Incoming
2020-03-10,Outgoing
2020-03-10,Outgoing
2020-03-10,Incoming
2020-03-10,Outgoing
2020-03-10,Outgoing
2020-03-10,Incoming
2020-03-10,Outgoing
2020-03-10,Incoming
2020-03-10,Incoming
2020-03-10,Outgoing
2020-03-10,Incoming
2020-03-10,Incoming
2020-03-10,Outgoing
2020-03-10,Incoming
2020-03-10,Incoming
2020-03-10,Incoming
2020-03-10,Incoming
2020-03-10,Outgoing
2020-03-10,Outgoing
2020-03-10,Outgoing
2020-03-09,Outgoing
2020-03-09,Incoming
2020-03-09,Outgoing
2020-03-09,Outgoing
2020-03-09,Incoming
2020-03-09,Incoming
2020-03-09,Outgoing
2020-03-09,Incoming
2020-03-09,Outgoing
2020-03-09,Incoming
2020-03-09,Incoming
2020-03-09,Outgoing
2020-03-09,Incoming
2020-03-09,Incoming
2020-03-09,Incoming
2020-03-09,Outgoing
2020-03-09,Incoming
2020-03-09,Incoming
2020-03-09,Outgoing
2020-03-09,Outgoing
2020-03-08,Incoming
2020-03-08,Outgoing
2020-03-08,Outgoing
2020-03-08,Outgoing
2020-03-08,Incoming
2020-03-08,Incoming
2020-03-08,Outgoing
2020-03-08,Outgoing
2020-03-08,Incoming
2020-03-08,Incoming
2020-03-08,Incoming
2020-03-08,Outgoing
2020-03-08,Incoming
2020-03-07,Incoming
2020-03-07,Outgoing
2020-03-07,Incoming
2020-03-07,Incoming
2020-03-07,Incoming
2020-03-06,Outgoing
2020-03-06,Incoming
2020-03-06,Outgoing
2020-03-06,Outgoing
2020-03-06,Incoming
2020-03-06,Incoming
2020-03-06,Outgoing
2020-03-06,Outgoing
2020-03-06,Outgoing
2020-03-06,Incoming
2020-03-06,Outgoing
2020-03-06,Outgoing
2020-03-06,Incoming
2020-03-06,Incoming
2020-03-06,Outgoing
2020-03-06,Incoming
2020-03-06,Outgoing
2020-03-06,Incoming
2020-03-06,Incoming
2020-03-06,Outgoing
2020-03-06,Outgoing
2020-03-06,Incoming
2020-03-06,Outgoing
2020-03-06,Outgoing
2020-03-06,Outgoing
2020-03-06,Incoming
2020-03-06,Incoming
2020-03-06,Incoming
2020-03-06,Incoming
2020-03-06,Incoming
2020-03-06,Incoming
2020-03-06,Outgoing
2020-03-06,Outgoing
2020-03-06,Outgoing
2020-03-06,Incoming
2020-03-06,Outgoing
2020-03-06,Outgoing
2020-03-06,Outgoing
2020-03-06,Outgoing
2020-03-06,Outgoing
2020-03-06,Incoming
2020-03-05,Incoming
2020-03-05,Outgoing
2020-03-05,Incoming
2020-03-05,Incoming
2020-03-05,Incoming
2020-03-05,Outgoing
2020-03-05,Outgoing
2020-03-05,Outgoing
2020-03-05,Outgoing
2020-03-05,Incoming
2020-03-05,Incoming
2020-03-05,Incoming
2020-03-05,Outgoing
2020-03-05,Outgoing
2020-03-05,Outgoing
2020-03-05,Incoming
2020-03-05,Incoming
2020-03-05,Incoming
2020-03-05,Incoming
2020-03-05,Incoming
2020-03-05,Incoming
2020-03-05,Incoming
2020-03-05,Outgoing
2020-03-05,Outgoing
2020-03-05,Outgoing
2020-03-05,Outgoing
2020-03-05,Outgoing
2020-03-05,Outgoing
2020-03-05,Incoming
2020-03-05,Outgoing
2020-03-05,Incoming
2020-03-05,Outgoing
2020-03-04,Incoming
2020-03-04,Incoming
2020-03-04,Incoming
2020-03-04,Outgoing
2020-03-04,Outgoing
2020-03-04,Incoming
2020-03-04,Outgoing
2020-03-04,Outgoing
2020-03-04,Outgoing
2020-03-04,Outgoing
2020-03-04,Incoming
2020-03-04,Outgoing
2020-03-04,Outgoing
2020-03-04,Incoming
2020-03-04,Incoming
2020-03-04,Incoming
2020-03-04,Incoming
2020-03-04,Incoming
2020-03-04,Incoming
2020-03-04,Incoming
2020-03-04,Outgoing
2020-03-04,Incoming
2020-03-04,Outgoing
2020-03-04,Outgoing
2020-03-04,Incoming
2020-03-04,Incoming
2020-03-04,Incoming
2020-03-04,Outgoing
2020-03-03,Outgoing
2020-03-03,Incoming
2020-03-03,Outgoing
2020-03-03,Outgoing
2020-03-03,Incoming
2020-03-03,Incoming
2020-03-03,Outgoing
2020-03-03,Outgoing
2020-03-03,Incoming
2020-03-03,Incoming
2020-03-03,Outgoing
2020-03-03,Outgoing
2020-03-03,Incoming
2020-03-03,Incoming
2020-03-03,Incoming
2020-03-03,Incoming
2020-03-03,Incoming
2020-03-03,Outgoing
2020-03-03,Outgoing
2020-03-03,Outgoing
2020-03-03,Incoming
2020-03-03,Incoming
2020-03-03,Incoming
2020-03-03,Incoming
2020-03-02,Outgoing
2020-03-02,Outgoing
2020-03-02,Incoming
2020-03-02,Incoming
2020-03-02,Incoming
2020-03-02,Outgoing
2020-03-02,Outgoing
2020-03-02,Outgoing
2020-03-02,Outgoing
2020-03-02,Incoming
2020-03-02,Outgoing
2020-03-02,Outgoing
2020-03-02,Incoming
2020-03-02,Incoming
2020-03-02,Outgoing
2020-03-02,Incoming
2020-03-02,Outgoing
2020-03-02,Outgoing
2020-03-02,Incoming
2020-03-02,Incoming
2020-03-02,Incoming
2020-03-02,Incoming
2020-03-01,Incoming
2020-03-01,Outgoing
2020-03-01,Incoming
2020-03-01,Incoming
2020-03-01,Incoming
2020-03-01,Outgoing
2020-03-01,Incoming
2020-03-01,Incoming
2020-03-01,Outgoing
2020-03-01,Incoming
2020-03-01,Incoming
2020-03-01,Outgoing
2020-03-01,Incoming
2020-03-01,Outgoing
2020-03-01,Outgoing
2020-02-29,Outgoing
2020-02-29,Outgoing
2020-02-29,Outgoing
2020-02-28,Incoming
2020-02-28,Incoming
2020-02-28,Outgoing
2020-02-28,Outgoing
2020-02-28,Outgoing
2020-02-28,Outgoing
2020-02-28,Outgoing
2020-02-28,Outgoing
2020-02-28,Outgoing
2020-02-28,Incoming
2020-02-28,Incoming
2020-02-28,Incoming
2020-02-28,Outgoing
2020-02-28,Incoming
2020-02-28,Outgoing
2020-02-28,Outgoing
2020-02-28,Outgoing
2020-02-27,Incoming
2020-02-27,Incoming
2020-02-27,Outgoing
2020-02-27,Outgoing
2020-02-27,Outgoing
2020-02-27,Incoming
2020-02-27,Incoming
2020-02-27,Incoming
2020-02-27,Outgoing
2020-02-26,Incoming
2020-02-26,Outgoing
2020-02-26,Outgoing
2020-02-26,Outgoing
2020-02-26,Incoming
2020-02-26,Incoming
2020-02-26,Outgoing
2020-02-26,Incoming
2020-02-26,Outgoing
2020-02-26,Incoming
2020-02-26,Outgoing
2020-02-26,Outgoing
2020-02-26,Outgoing
2020-02-26,Outgoing
2020-02-26,Incoming
2020-02-26,Incoming
2020-02-26,Incoming
2020-02-26,Outgoing
2020-02-26,Incoming
2020-02-26,Outgoing
2020-02-26,Outgoing
2020-02-26,Incoming
2020-02-26,Incoming
2020-02-26,Outgoing
2020-02-26,Outgoing
2020-02-26,Incoming
2020-02-25,Outgoing
2020-02-25,Incoming
2020-02-25,Outgoing
2020-02-25,Outgoing
2020-02-25,Outgoing
2020-02-25,Incoming
2020-02-25,Outgoing
2020-02-25,Outgoing
2020-02-25,Outgoing
2020-02-25,Incoming
2020-02-25,Outgoing
2020-02-25,Incoming
2020-02-25,Outgoing
2020-02-25,Outgoing
2020-02-25,Outgoing
2020-02-25,Incoming
2020-02-24,Incoming
2020-02-24,Outgoing
2020-02-24,Incoming
2020-02-24,Incoming
2020-02-24,Outgoing
2020-02-24,Outgoing
2020-02-24,Outgoing
2020-02-24,Incoming
2020-02-23,Incoming
2020-02-23,Incoming
2020-02-23,Outgoing
2020-02-23,Incoming
2020-02-23,Outgoing
2020-02-23,Incoming
2020-02-23,Outgoing
2020-02-23,Incoming
2020-02-23,Incoming
2020-02-23,Incoming
2020-02-22,Incoming
2020-02-22,Outgoing
2020-02-22,Outgoing
2020-02-22,Incoming
2020-02-22,Outgoing
2020-02-22,Incoming
2020-02-22,Incoming
2020-02-22,Outgoing
2020-02-22,Incoming
2020-02-22,Outgoing
2020-02-22,Outgoing
2020-02-22,Incoming
2020-02-22,Outgoing
2020-02-22,Incoming
2020-02-21,Incoming
2020-02-21,Outgoing
2020-02-21,Incoming
2020-02-21,Incoming
2020-02-21,Incoming
2020-02-21,Incoming
2020-02-21,Incoming
2020-02-21,Incoming
2020-02-21,Incoming
2020-02-21,Incoming
2020-02-20,Outgoing
2020-02-20,Incoming
2020-02-20,Outgoing
2020-02-20,Outgoing
2020-02-20,Incoming
2020-02-20,Incoming
2020-02-20,Outgoing
2020-02-20,Incoming
2020-02-20,Incoming
2020-02-20,Incoming
2020-02-19,Incoming
2020-02-19,Outgoing
2020-02-19,Incoming
2020-02-19,Outgoing
2020-02-19,Incoming
2020-02-19,Outgoing
2020-02-19,Outgoing
2020-02-19,Incoming
2020-02-19,Incoming
2020-02-19,Incoming
2020-02-19,Incoming
2020-02-19,Incoming
2020-02-19,Outgoing
2020-02-19,Outgoing
2020-02-19,Outgoing
2020-02-19,Outgoing
2020-02-19,Incoming
2020-02-19,Outgoing
2020-02-19,Incoming
2020-02-19,Incoming
2020-02-19,Outgoing
2020-02-19,Incoming
2020-02-19,Outgoing
2020-02-19,Incoming
2020-02-19,Incoming
2020-02-18,Outgoing
2020-02-18,Incoming
2020-02-18,Incoming
2020-02-18,Outgoing
2020-02-18,Incoming
2020-02-18,Outgoing
2020-02-18,Incoming
2020-02-18,Outgoing
2020-02-18,Incoming
2020-02-18,Outgoing
2020-02-18,Incoming
2020-02-17,Outgoing
2020-02-17,Incoming
2020-02-17,Outgoing
2020-02-17,Incoming
2020-02-17,Outgoing
2020-02-17,Incoming
2020-02-17,Incoming
2020-02-17,Incoming
2020-02-17,Outgoing
2020-02-17,Outgoing
2020-02-17,Incoming
2020-02-17,Outgoing
2020-02-17,Outgoing
2020-02-17,Outgoing
2020-02-17,Outgoing
2020-02-17,Outgoing
2020-02-17,Incoming
2020-02-17,Incoming
2020-02-17,Incoming
2020-02-17,Outgoing
2020-02-17,Incoming
2020-02-17,Incoming
2020-02-16,Outgoing
2020-02-16,Outgoing
2020-02-16,Incoming
2020-02-16,Outgoing
2020-02-16,Incoming
2020-02-16,Incoming
2020-02-16,Outgoing
2020-02-16,Incoming
2020-02-15,Outgoing
2020-02-15,Incoming
2020-02-15,Incoming
2020-02-15,Incoming
2020-02-15,Incoming
2020-02-15,Incoming
2020-02-15,Outgoing
2020-02-15,Incoming
2020-02-15,Outgoing
2020-02-15,Incoming
2020-02-15,Outgoing
2020-02-15,Outgoing
2020-02-15,Outgoing
2020-02-15,Outgoing
2020-02-15,Incoming
2020-02-15,Outgoing
2020-02-15,Incoming
2020-02-15,Outgoing
2020-02-15,Incoming
2020-02-15,Outgoing
2020-02-15,Incoming
2020-02-15,Incoming
2020-02-15,Incoming
2020-02-15,Outgoing
2020-02-15,Incoming
2020-02-15,Incoming
2020-02-15,Outgoing
2020-02-15,Incoming
2020-02-15,Incoming
2020-02-15,Outgoing
2020-02-15,Incoming
2020-02-15,Incoming
2020-02-15,Outgoing
2020-02-14,Incoming
2020-02-14,Incoming
2020-02-14,Outgoing
2020-02-14,Incoming
2020-02-14,Outgoing
2020-02-14,Incoming
2020-02-14,Outgoing
2020-02-14,Incoming
2020-02-14,Outgoing
2020-02-14,Outgoing
2020-02-14,Outgoing
2020-02-14,Incoming
2020-02-14,Incoming
2020-02-14,Outgoing
2020-02-14,Incoming
2020-02-14,Outgoing
2020-02-14,Incoming
2020-02-14,Outgoing
2020-02-14,Incoming
2020-02-13,Incoming
2020-02-13,Outgoing
2020-02-13,Incoming
2020-02-13,Outgoing
2020-02-13,Incoming
2020-02-12,Outgoing
2020-02-12,Outgoing
2020-02-12,Incoming
2020-02-12,Incoming
2020-02-12,Outgoing
2020-02-12,Outgoing
2020-02-12,Incoming
2020-02-12,Incoming
2020-02-12,Incoming
2020-02-12,Outgoing
2020-02-12,Incoming
2020-02-12,Outgoing
2020-02-12,Outgoing
2020-02-12,Incoming
2020-02-12,Incoming
2020-02-12,Outgoing
2020-02-11,Incoming
2020-02-11,Outgoing
2020-02-11,Outgoing
2020-02-11,Incoming
2020-02-11,Outgoing
2020-02-11,Incoming
2020-02-11,Outgoing
2020-02-11,Outgoing
2020-02-11,Incoming
2020-02-11,Outgoing
2020-02-11,Incoming
2020-02-11,Incoming
2020-02-11,Outgoing
2020-02-11,Outgoing
2020-02-11,Outgoing
2020-02-11,Incoming
2020-02-11,Incoming
2020-02-11,Incoming
2020-02-11,Outgoing
2020-02-11,Outgoing
2020-02-11,Incoming
2020-02-11,Outgoing
2020-02-11,Incoming
2020-02-10,Outgoing
2020-02-10,Incoming
2020-02-10,Incoming
2020-02-10,Incoming
2020-02-10,Incoming
2020-02-10,Outgoing
2020-02-10,Outgoing
2020-02-10,Outgoing
2020-02-10,Outgoing
2020-02-10,Outgoing
2020-02-10,Outgoing
2020-02-10,Outgoing
2020-02-10,Outgoing
2020-02-10,Outgoing
2020-02-10,Incoming
2020-02-10,Incoming
2020-02-10,Incoming
2020-02-10,Incoming
2020-02-10,Incoming
2020-02-10,Incoming
2020-02-10,Incoming
2020-02-10,Incoming
2020-02-10,Incoming
2020-02-10,Incoming
2020-02-10,Incoming
2020-02-10,Outgoing
2020-02-10,Outgoing
2020-02-10,Outgoing
2020-02-10,Incoming
2020-02-10,Incoming
2020-02-09,Incoming
2020-02-09,Incoming
2020-02-09,Outgoing
2020-02-09,Incoming
2020-02-09,Incoming
2020-02-09,Outgoing
2020-02-09,Outgoing
2020-02-09,Outgoing
2020-02-09,Incoming
2020-02-09,Incoming
2020-02-09,Outgoing
2020-02-09,Outgoing
2020-02-09,Incoming
2020-02-09,Outgoing
2020-02-09,Incoming
2020-02-09,Outgoing
2020-02-09,Incoming
2020-02-09,Outgoing
2020-02-09,Incoming
2020-02-09,Outgoing
2020-02-09,Incoming
2020-02-09,Outgoing
2020-02-09,Incoming
2020-02-09,Incoming
2020-02-09,Outgoing
2020-02-09,Incoming
2020-02-09,Outgoing
2020-02-08,Outgoing
2020-02-08,Incoming
2020-02-08,Outgoing
2020-02-08,Outgoing
2020-02-08,Outgoing
2020-02-08,Incoming
2020-02-08,Incoming
2020-02-08,Incoming
2020-02-08,Outgoing
2020-02-08,Incoming
2020-02-07,Outgoing
2020-02-07,Incoming
2020-02-07,Outgoing
2020-02-07,Incoming
2020-02-07,Outgoing
2020-02-07,Outgoing
2020-02-07,Incoming
2020-02-07,Outgoing
2020-02-07,Outgoing
2020-02-07,Incoming
2020-02-07,Incoming
2020-02-07,Outgoing
2020-02-07,Outgoing
2020-02-06,Incoming
2020-02-06,Outgoing
2020-02-06,Outgoing
2020-02-06,Incoming
2020-02-06,Outgoing
2020-02-06,Incoming
2020-02-06,Outgoing
2020-02-06,Outgoing
2020-02-06,Incoming
2020-02-06,Outgoing
2020-02-06,Outgoing
2020-02-06,Outgoing
2020-02-06,Incoming
2020-02-06,Incoming
2020-02-05,Incoming
2020-02-05,Outgoing
2020-02-05,Incoming
2020-02-05,Outgoing
2020-02-05,Outgoing
2020-02-05,Incoming
2020-02-05,Incoming
2020-02-05,Incoming
2020-02-05,Incoming
2020-02-05,Outgoing
2020-02-05,Outgoing
2020-02-05,Outgoing
2020-02-05,Outgoing
2020-02-05,Outgoing
2020-02-05,Incoming
2020-02-05,Incoming
2020-02-05,Incoming
2020-02-05,Outgoing
2020-02-05,Incoming
2020-02-05,Outgoing
2020-02-05,Incoming
2020-02-05,Outgoing
2020-02-05,Incoming
2020-02-05,Incoming
2020-02-05,Incoming
2020-02-05,Outgoing
2020-02-04,Outgoing
2020-02-04,Incoming
2020-02-03,Incoming
2020-02-03,Outgoing
2020-02-03,Outgoing
2020-02-03,Outgoing
2020-02-03,Incoming
2020-02-03,Incoming
2020-02-03,Outgoing
2020-02-03,Outgoing
2020-02-02,Incoming
2020-02-02,Outgoing
2020-02-02,Outgoing
2020-02-02,Incoming
2020-02-02,Outgoing
2020-02-02,Incoming
2020-02-02,Outgoing
2020-02-02,Outgoing
2020-02-02,Outgoing
2020-02-02,Outgoing
2020-02-02,Incoming
2020-02-02,Incoming
2020-02-02,Incoming
2020-02-02,Outgoing
2020-02-02,Outgoing
2020-02-02,Outgoing
2020-02-02,Incoming
2020-02-02,Outgoing
2020-02-02,Incoming
2020-02-02,Incoming
2020-02-02,Incoming
2020-02-02,Outgoing
2020-02-02,Outgoing
2020-02-02,Outgoing
2020-02-02,Outgoing
2020-02-02,Outgoing
2020-02-02,Incoming
2020-02-02,Outgoing
2020-02-02,Outgoing
2020-02-02,Incoming
2020-02-02,Incoming
2020-02-02,Incoming
2020-02-02,Outgoing
2020-02-02,Outgoing
2020-02-02,Incoming
2020-02-02,Incoming
2020-02-02,Outgoing
2020-02-02,Incoming
2020-02-02,Outgoing
2020-02-02,Incoming
2020-02-02,Outgoing
2020-02-02,Incoming
2020-02-02,Incoming
2020-02-02,Incoming
2020-02-02,Outgoing
2020-02-02,Outgoing
2020-02-02,Outgoing
2020-02-02,Outgoing
2020-02-02,Incoming
2020-02-02,Incoming
2020-02-02,Incoming
2020-02-02,Outgoing
2020-02-02,Outgoing
2020-02-02,Outgoing
2020-02-02,Incoming
2020-02-02,Incoming
2020-02-02,Incoming
2020-02-02,Outgoing
2020-02-02,Outgoing
2020-02-02,Incoming
2020-02-02,Incoming
2020-02-02,Outgoing
2020-02-02,Outgoing
2020-02-02,Incoming
2020-02-01,Incoming
2020-02-01,Incoming
2020-02-01,Outgoing
2020-02-01,Outgoing
2020-02-01,Incoming
2020-02-01,Incoming
2020-02-01,Incoming
2020-02-01,Outgoing
2020-02-01,Outgoing
2020-02-01,Outgoing
2020-02-01,Outgoing
2020-02-01,Incoming
2020-02-01,Incoming
2020-01-31,Incoming
2020-01-31,Incoming
2020-01-31,Outgoing
2020-01-31,Incoming
2020-01-31,Incoming
2020-01-31,Outgoing
2020-01-31,Incoming
2020-01-31,Incoming
2020-01-30,Incoming
2020-01-30,Outgoing
2020-01-30,Outgoing
2020-01-30,Incoming
2020-01-30,Outgoing
2020-01-30,Incoming
2020-01-30,Outgoing
2020-01-30,Outgoing
2020-01-30,Outgoing
2020-01-30,Incoming
2020-01-30,Outgoing
2020-01-30,Outgoing
2020-01-30,Incoming
2020-01-30,Incoming
2020-01-30,Outgoing
2020-01-30,Outgoing
2020-01-30,Outgoing
2020-01-30,Outgoing
2020-01-30,Incoming
2020-01-30,Incoming
2020-01-30,Outgoing
2020-01-30,Outgoing
2020-01-29,Outgoing
2020-01-29,Incoming
2020-01-29,Incoming
2020-01-29,Outgoing
2020-01-29,Incoming
2020-01-29,Incoming
2020-01-29,Outgoing
2020-01-29,Incoming
2020-01-29,Incoming
2020-01-29,Outgoing
2020-01-29,Incoming
2020-01-29,Incoming
2020-01-29,Outgoing
2020-01-29,Incoming
2020-01-29,Outgoing
2020-01-29,Outgoing
2020-01-29,Outgoing
2020-01-29,Outgoing
2020-01-29,Incoming
2020-01-29,Outgoing
2020-01-29,Outgoing
2020-01-29,Incoming
2020-01-28,Outgoing
2020-01-28,Outgoing
2020-01-28,Outgoing
2020-01-28,Incoming
2020-01-28,Incoming
2020-01-28,Incoming
2020-01-28,Incoming
2020-01-28,Outgoing
2020-01-28,Incoming
2020-01-28,Outgoing
2020-01-28,Incoming
2020-01-28,Outgoing
2020-01-28,Outgoing
2020-01-28,Incoming
2020-01-28,Outgoing
2020-01-28,Incoming
2020-01-28,Incoming
2020-01-28,Outgoing
2020-01-28,Incoming
2020-01-28,Incoming
2020-01-28,Incoming
2020-01-28,Outgoing
2020-01-28,Outgoing
2020-01-28,Incoming
2020-01-28,Incoming
2020-01-28,Incoming
2020-01-28,Incoming
2020-01-27,Incoming
2020-01-27,Incoming
2020-01-27,Incoming
2020-01-27,Incoming
2020-01-27,Outgoing
2020-01-27,Outgoing
2020-01-27,Incoming
2020-01-27,Outgoing
2020-01-27,Outgoing
2020-01-27,Incoming
2020-01-27,Incoming
2020-01-27,Outgoing
2020-01-27,Incoming
2020-01-27,Incoming
2020-01-27,Incoming
2020-01-27,Outgoing
2020-01-27,Incoming
2020-01-27,Incoming
2020-01-27,Incoming
2020-01-26,Incoming
2020-01-26,Outgoing
2020-01-26,Incoming
2020-01-26,Outgoing
2020-01-26,Incoming
2020-01-26,Outgoing
2020-01-26,Incoming
2020-01-26,Outgoing
2020-01-26,Outgoing
2020-01-26,Outgoing
2020-01-26,Outgoing
2020-01-26,Outgoing
2020-01-26,Incoming
2020-01-26,Outgoing
2020-01-26,Outgoing
2020-01-26,Incoming
2020-01-26,Incoming
2020-01-26,Incoming
2020-01-26,Outgoing
2020-01-26,Incoming
2020-01-26,Outgoing
2020-01-26,Incoming
2020-01-26,Outgoing
2020-01-26,Incoming
2020-01-26,Incoming
2020-01-26,Incoming
2020-01-26,Outgoing
2020-01-26,Incoming
2020-01-26,Outgoing
2020-01-26,Outgoing
2020-01-26,Incoming
2020-01-26,Incoming
2020-01-26,Outgoing
2020-01-26,Outgoing
2020-01-26,Outgoing
2020-01-26,Incoming
2020-01-25,Incoming
2020-01-25,Incoming
2020-01-25,Incoming
2020-01-25,Incoming
2020-01-25,Outgoing
2020-01-25,Incoming
2020-01-25,Incoming
2020-01-25,Outgoing
2020-01-25,Incoming
2020-01-25,Incoming
2020-01-25,Incoming
2020-01-25,Incoming
2020-01-25,Outgoing
2020-01-25,Outgoing
2020-01-25,Incoming
2020-01-25,Outgoing
2020-01-25,Outgoing
2020-01-25,Outgoing
2020-01-25,Incoming
2020-01-25,Incoming
2020-01-25,Outgoing
2020-01-24,Outgoing
2020-01-24,Incoming
2020-01-23,Outgoing
2020-01-23,Outgoing
2020-01-23,Outgoing
2020-01-23,Outgoing
2020-01-23,Incoming
2020-01-23,Outgoing
2020-01-23,Incoming
2020-01-23,Incoming
2020-01-23,Outgoing
2020-01-23,Outgoing
2020-01-23,Incoming
2020-01-23,Incoming
2020-01-23,Outgoing
2020-01-23,Incoming
2020-01-23,Incoming
2020-01-23,Outgoing
2020-01-23,Outgoing
2020-01-23,Incoming
2020-01-23,Outgoing
2020-01-23,Outgoing
2020-01-23,Incoming
2020-01-23,Outgoing
2020-01-23,Outgoing
2020-01-23,Outgoing
2020-01-23,Incoming
2020-01-23,Incoming
2020-01-23,Incoming
2020-01-23,Outgoing
2020-01-23,Outgoing
2020-01-22,Outgoing
2020-01-22,Outgoing
2020-01-22,Incoming
2020-01-22,Incoming
2020-01-22,Outgoing
2020-01-22,Incoming
2020-01-22,Incoming
2020-01-22,Outgoing
2020-01-22,Incoming
2020-01-22,Incoming
2020-01-22,Outgoing
2020-01-22,Outgoing
2020-01-22,Incoming
2020-01-22,Incoming
2020-01-22,Incoming
2020-01-22,Outgoing
2020-01-22,Incoming
2020-01-22,Incoming
2020-01-22,Outgoing
2020-01-22,Outgoing
2020-01-22,Incoming
2020-01-22,Incoming
2020-01-22,Incoming
2020-01-22,Outgoing
2020-01-22,Incoming
2020-01-21,Incoming
2020-01-21,Incoming
2020-01-21,Incoming
2020-01-21,Outgoing
2020-01-21,Outgoing
2020-01-21,Outgoing
2020-01-21,Incoming
2020-01-21,Incoming
2020-01-21,Outgoing
2020-01-21,Incoming
2020-01-21,Incoming
2020-01-21,Outgoing
2020-01-21,Incoming
2020-01-21,Outgoing
2020-01-21,Incoming
2020-01-21,Outgoing
2020-01-21,Outgoing
2020-01-21,Incoming
2020-01-21,Incoming
2020-01-21,Outgoing
2020-01-21,Outgoing
2020-01-21,Outgoing
2020-01-21,Incoming
2020-01-20,Outgoing
2020-01-20,Incoming
2020-01-20,Incoming
2020-01-20,Incoming
2020-01-20,Incoming
2020-01-20,Outgoing
2020-01-20,Outgoing
2020-01-20,Outgoing
2020-01-20,Incoming
2020-01-20,Incoming
2020-01-20,Outgoing
2020-01-20,Outgoing
2020-01-20,Outgoing
2020-01-20,Outgoing
2020-01-20,Incoming
2020-01-20,Outgoing
2020-01-20,Outgoing
2020-01-20,Outgoing
2020-01-20,Outgoing
2020-01-20,Incoming
2020-01-20,Incoming
2020-01-20,Incoming
2020-01-20,Outgoing
2020-01-20,Outgoing
2020-01-20,Outgoing
2020-01-19,Incoming
2020-01-19,Outgoing
2020-01-19,Outgoing
2020-01-19,Incoming
2020-01-19,Outgoing
2020-01-19,Incoming
2020-01-19,Outgoing
2020-01-19,Incoming
2020-01-19,Incoming
2020-01-19,Outgoing
2020-01-19,Outgoing
2020-01-19,Outgoing
2020-01-19,Incoming
2020-01-19,Incoming
2020-01-19,Outgoing
2020-01-19,Incoming
2020-01-18,Incoming
2020-01-18,Incoming
2020-01-18,Outgoing
2020-01-18,Incoming
2020-01-18,Outgoing
2020-01-18,Incoming
2020-01-18,Outgoing
2020-01-18,Incoming
2020-01-18,Outgoing
2020-01-18,Incoming
2020-01-18,Outgoing
2020-01-18,Incoming
2020-01-18,Outgoing
2020-01-18,Outgoing
2020-01-18,Incoming
2020-01-18,Incoming
2020-01-18,Outgoing
2020-01-18,Incoming
2020-01-18,Outgoing
2020-01-18,Outgoing
2020-01-18,Incoming
2020-01-17,Incoming
2020-01-17,Outgoing
2020-01-17,Incoming
2020-01-17,Incoming
2020-01-17,Outgoing
2020-01-17,Outgoing
2020-01-17,Incoming
2020-01-17,Incoming
2020-01-17,Outgoing
2020-01-17,Incoming
2020-01-17,Incoming
2020-01-17,Outgoing
2020-01-17,Outgoing
2020-01-17,Incoming
2020-01-17,Incoming
2020-01-17,Incoming
2020-01-17,Outgoing
2020-01-17,Incoming
2020-01-17,Incoming
2020-01-17,Outgoing
2020-01-17,Incoming
2020-01-17,Outgoing
2020-01-17,Incoming
2020-01-17,Outgoing
2020-01-17,Outgoing
2020-01-17,Incoming
2020-01-16,Incoming
2020-01-16,Outgoing
2020-01-16,Outgoing
2020-01-16,Incoming
2020-01-16,Incoming
2020-01-16,Outgoing
2020-01-16,Outgoing
2020-01-16,Incoming
2020-01-16,Incoming
2020-01-16,Incoming
2020-01-16,Outgoing
2020-01-16,Outgoing
2020-01-16,Incoming
2020-01-16,Incoming
2020-01-16,Incoming
2020-01-16,Outgoing
2020-01-16,Outgoing
2020-01-16,Incoming
2020-01-16,Outgoing
2020-01-16,Incoming
2020-01-15,Outgoing
2020-01-15,Incoming
2020-01-15,Outgoing
2020-01-15,Incoming
2020-01-15,Outgoing
2020-01-15,Outgoing
2020-01-15,Outgoing
2020-01-15,Incoming
2020-01-15,Incoming
2020-01-15,Incoming
2020-01-15,Outgoing
2020-01-15,Outgoing
2020-01-15,Incoming
2020-01-15,Incoming
2020-01-15,Incoming
2020-01-15,Incoming
2020-01-15,Incoming
2020-01-15,Outgoing
2020-01-15,Incoming
2020-01-15,Incoming
2020-01-14,Incoming
2020-01-14,Outgoing
2020-01-14,Incoming
2020-01-14,Outgoing
2020-01-14,Outgoing
2020-01-14,Incoming
2020-01-14,Incoming
2020-01-14,Outgoing
2020-01-14,Incoming
2020-01-14,Outgoing
2020-01-14,Incoming
2020-01-14,Incoming
2020-01-14,Outgoing
2020-01-14,Incoming
2020-01-14,Outgoing
2020-01-14,Incoming
2020-01-14,Incoming
2020-01-14,Incoming
2020-01-13,Outgoing
2020-01-13,Outgoing
2020-01-13,Outgoing
2020-01-13,Incoming
2020-01-13,Incoming
2020-01-13,Incoming
2020-01-13,Outgoing
2020-01-13,Outgoing
2020-01-13,Outgoing
2020-01-13,Incoming
2020-01-13,Incoming
2020-01-13,Outgoing
2020-01-13,Outgoing
2020-01-13,Outgoing
2020-01-13,Outgoing
2020-01-13,Outgoing
2020-01-13,Outgoing
2020-01-13,Outgoing
2020-01-13,Incoming
2020-01-13,Outgoing
2020-01-13,Incoming
2020-01-13,Outgoing
2020-01-13,Incoming
2020-01-13,Incoming
2020-01-13,Outgoing
2020-01-13,Incoming
2020-01-13,Incoming
2020-01-13,Incoming
2020-01-13,Incoming
2020-01-13,Outgoing
2020-01-13,Outgoing
2020-01-13,Outgoing
2020-01-13,Outgoing
2020-01-13,Outgoing
2020-01-13,Outgoing
2020-01-13,Incoming
2020-01-13,Incoming
2020-01-13,Incoming
2020-01-12,Incoming
2020-01-12,Outgoing
2020-01-12,Incoming
2020-01-12,Incoming
2020-01-12,Incoming
2020-01-12,Incoming
2020-01-12,Outgoing
2020-01-12,Incoming
2020-01-12,Outgoing
2020-01-12,Outgoing
2020-01-12,Incoming
2020-01-12,Incoming
2020-01-12,Incoming
2020-01-12,Outgoing
2020-01-12,Incoming
2020-01-12,Outgoing
2020-01-12,Outgoing
2020-01-12,Outgoing
2020-01-12,Incoming
2020-01-12,Outgoing
2020-01-12,Incoming
2020-01-12,Incoming
2020-01-12,Incoming
2020-01-12,Outgoing
2020-01-12,Outgoing
2020-01-12,Outgoing
2020-01-12,Incoming
2020-01-12,Incoming
2020-01-12,Incoming
2020-01-12,Incoming
2020-01-12,Incoming
2020-01-12,Incoming
2020-01-12,Incoming
2020-01-12,Incoming
2020-01-12,Incoming
2020-01-12,Incoming
2020-01-11,Incoming
2020-01-11,Outgoing
2020-01-11,Outgoing
2020-01-11,Incoming
2020-01-11,Outgoing
2020-01-11,Incoming
2020-01-11,Outgoing
2020-01-11,Incoming
2020-01-11,Outgoing
2020-01-11,Outgoing
2020-01-11,Incoming
2020-01-11,Incoming
2020-01-11,Outgoing
2020-01-11,Incoming
2020-01-11,Incoming
2020-01-11,Incoming
2020-01-11,Outgoing
2020-01-11,Outgoing
2020-01-11,Outgoing
2020-01-11,Incoming
2020-01-10,Outgoing
2020-01-10,Outgoing
2020-01-10,Outgoing
2020-01-10,Incoming
2020-01-10,Incoming
2020-01-10,Incoming
2020-01-10,Incoming
2020-01-10,Outgoing
2020-01-10,Incoming
2020-01-09,Outgoing
2020-01-09,Incoming
2020-01-09,Incoming
2020-01-09,Outgoing
2020-01-09,Outgoing
2020-01-09,Outgoing
2020-01-09,Incoming
2020-01-09,Incoming
2020-01-09,Incoming
2020-01-09,Incoming
2020-01-09,Outgoing
2020-01-09,Outgoing
2020-01-09,Outgoing
2020-01-09,Incoming
2020-01-09,Incoming
2020-01-09,Outgoing
2020-01-09,Outgoing
2020-01-09,Incoming
2020-01-09,Outgoing
2020-01-09,Incoming
2020-01-09,Incoming
2020-01-09,Outgoing
2020-01-09,Outgoing
2020-01-09,Incoming
2020-01-09,Outgoing
2020-01-09,Incoming
2020-01-09,Incoming
2020-01-09,Incoming
2020-01-09,Outgoing
2020-01-09,Incoming
2020-01-09,Outgoing
2020-01-09,Outgoing
2020-01-09,Outgoing
2020-01-09,Incoming
2020-01-09,Incoming
2020-01-08,Outgoing
2020-01-08,Incoming
2020-01-08,Incoming
2020-01-08,Outgoing
2020-01-08,Outgoing
2020-01-08,Outgoing
2020-01-07,Incoming
2020-01-07,Incoming
2020-01-07,Outgoing
2020-01-07,Outgoing
2020-01-07,Incoming
2020-01-07,Incoming
2020-01-07,Incoming
2020-01-07,Incoming
2020-01-07,Outgoing
2020-01-07,Incoming
2020-01-07,Outgoing
2020-01-07,Outgoing
2020-01-07,Incoming
2020-01-07,Outgoing
2020-01-07,Incoming
2020-01-07,Outgoing
2020-01-07,Incoming
2020-01-07,Incoming
2020-01-06,Outgoing
2020-01-06,Outgoing
2020-01-06,Incoming
2020-01-06,Incoming
2020-01-06,Outgoing
2020-01-06,Incoming
2020-01-06,Outgoing
2020-01-06,Incoming
2020-01-06,Incoming
2020-01-05,Outgoing
2020-01-05,Outgoing
2020-01-05,Outgoing
2020-01-05,Incoming
2020-01-05,Incoming
2020-01-05,Incoming
2020-01-05,Outgoing
2020-01-05,Outgoing
2020-01-05,Outgoing
2020-01-05,Incoming
2020-01-05,Outgoing
2020-01-05,Outgoing
2020-01-05,Outgoing
2020-01-05,Outgoing
2020-01-05,Outgoing
2020-01-05,Outgoing
2020-01-05,Incoming
2020-01-05,Incoming
2020-01-05,Incoming
2020-01-05,Incoming
2020-01-05,Outgoing
2020-01-05,Outgoing
2020-01-05,Outgoing
2020-01-05,Incoming
2020-01-05,Incoming
2020-01-05,Outgoing
2020-01-04,Incoming
2020-01-04,Outgoing
2020-01-04,Incoming
2020-01-04,Incoming
2020-01-04,Outgoing
2020-01-04,Outgoing
2020-01-04,Outgoing
2020-01-04,Incoming
2020-01-03,Outgoing
2020-01-03,Incoming
2020-01-03,Incoming
2020-01-03,Outgoing
2020-01-03,Incoming
2020-01-03,Outgoing
2020-01-03,Incoming
2020-01-03,Outgoing
2020-01-03,Incoming
2020-01-03,Outgoing
2020-01-03,Incoming
2020-01-03,Incoming
2020-01-02,Incoming
2020-01-02,Outgoing
2020-01-02,Incoming
2020-01-02,Incoming
2020-01-02,Incoming
2020-01-02,Incoming
2020-01-02,Incoming
2020-01-02,Outgoing
2020-01-02,Incoming
2020-01-02,Incoming
2020-01-02,Outgoing
2020-01-02,Outgoing
2020-01-02,Outgoing
2020-01-02,Incoming
2020-01-02,Incoming
2020-01-02,Incoming
2020-01-02,Incoming
2020-01-01,Outgoing
2020-01-01,Incoming
2020-01-01,Incoming
2020-01-01,Outgoing
2020-01-01,Incoming
2020-01-01,Outgoing
2020-01-01,Outgoing
2020-01-01,Incoming
2020-01-01,Outgoing
2020-01-01,Incoming
2020-01-01,Outgoing
2020-01-01,Incoming
2020-01-01,Outgoing
2020-01-01,Incoming
2020-01-01,Incoming
2020-01-01,Outgoing
2020-01-01,Outgoing
2020-01-01,Incoming
2020-01-01,Incoming
2020-01-01,Incoming
2020-01-01,Outgoing
2020-01-01,Incoming
2020-01-01,Incoming
2020-01-01,Outgoing
2020-01-01,Incoming
2020-01-01,Outgoing
2020-01-01,Incoming
2020-01-01,Incoming
2020-01-01,Outgoing
2020-01-01,Incoming
2020-01-01,Outgoing
2020-01-01,Outgoing
2020-01-01,Outgoing
2020-01-01,Outgoing
2020-01-01,Outgoing
2020-01-01,Incoming
2020-01-01,Outgoing
2020-01-01,Outgoing
2020-01-01,Incoming
2020-01-01,Incoming
